{
  "0":0.9978535354,
  "1":0.0021464646
}