{
  "species_richness": 0.21204745577288983,
  "presence_count": 0.21152395219802667,
  "srtm_elevation_m": 0.022033475541510254,
  "frac_tree": 0.020509370484258074,
  "frac_wetland": 0.02028786897410762,
  "modis_lst_day_c": 0.01052799842189942,
  "frac_built": 0.009322194672814522,
  "frac_bare": 0.008820038260154298,
  "frac_grass": 0.005394297322236431,
  "srtm_slope_deg": 0.004646352285237299,
  "frac_shrub": 0.0023060639418842573,
  "era5_humidity": 0.002302384112993231,
  "era5_temp_c": 0.0017732459659276925,
  "era5_dewpoint_c": 0.001099175146513566,
  "era5_precip_mm": 0.0008098311893551198,
  "chirps_precip_mm": 0.0007929248492063464,
  "frac_water": 0.0007895311788711404,
  "modis_lst_night_c": 0.0007453719017461522,
  "frac_cropland": 0.000401003080902259
}