{
  "0":0.9925505051,
  "1":0.0074494949
}