{
  "presence_count": 0.11627471927206337,
  "species_richness": 0.10919940361987145,
  "frac_built": 0.058824439534515674,
  "frac_grass": 0.031152226775634853,
  "modis_lst_day_c": 0.031127902253752858,
  "era5_dewpoint_c": 0.023908352448922848,
  "frac_wetland": 0.02104222604434228,
  "era5_temp_c": 0.017812966987780003,
  "era5_precip_mm": 0.015210055257220415,
  "frac_water": 0.014500317737594803,
  "frac_tree": 0.01427119970718628,
  "srtm_elevation_m": 0.012690391441091626,
  "frac_shrub": 0.011908986168075845,
  "frac_bare": 0.011845576625401947,
  "chirps_precip_mm": 0.01052608440196599,
  "frac_cropland": 0.010504705328689934,
  "era5_humidity": 0.009914688965278763,
  "modis_lst_night_c": 0.008543447870613435,
  "srtm_slope_deg": 0.006397010267820822
}