n_estimators,mean_cv_f1_macro,std_cv_f1_macro,rank,mean_train_f1_macro
100,0.9264858348217864,0.06480359720392147,1,1.0
200,0.9121548921326348,0.05398106434656027,2,1.0
300,0.9064406472935442,0.0534746101320875,3,1.0
500,0.8930620855752525,0.06126872137868593,4,1.0
