n_estimators,mean_cv_f1_macro,std_cv_f1_macro,rank,mean_train_f1_macro
100,0.6883552862598842,0.08464862544226279,4,1.0
200,0.6972351391146241,0.08439126153691436,1,1.0
300,0.6942343342247204,0.08478952926227751,3,1.0
500,0.6971370344928511,0.08511510109770269,2,1.0
