{
  "0":0.9849747475,
  "1":0.0150252525
}