{
  "frac_built": 0.08838051144006735,
  "era5_temp_c": 0.039342936458504854,
  "era5_dewpoint_c": 0.039175149733501446,
  "frac_wetland": 0.03312241869009268,
  "srtm_slope_deg": 0.030361493963153192,
  "presence_count": 0.02778262566175414,
  "species_richness": 0.027181884343363837,
  "srtm_elevation_m": 0.026119887738509345,
  "modis_lst_day_c": 0.023804006315638074,
  "frac_shrub": 0.02255752222710541,
  "frac_grass": 0.02104980228461082,
  "modis_lst_night_c": 0.019977462539345035,
  "frac_cropland": 0.019066029900880892,
  "frac_water": 0.01890840279327467,
  "frac_bare": 0.018395606581246,
  "frac_tree": 0.016947846256170015,
  "era5_humidity": 0.01648307093172949,
  "chirps_precip_mm": 0.01509641335267729,
  "era5_precip_mm": 0.012560555794984522
}