buffer_km,n_grid_cells,n_positive,positive_rate,validation_f1_macro,validation_average_precision,test_auc_roc,test_f1_macro,test_average_precision
25,7920,17,0.0021464646464646464,0.8329113924050633,0.5,1.0,1.0,1.0
50,7920,59,0.00744949494949495,0.8562961170920527,0.6188158214848813,0.7815677966101694,0.748730964467005,0.5016303554249982
75,7920,119,0.015025252525252525,0.7245133337401599,0.4231920117582896,0.7980861003667051,0.651557167235495,0.2551767251825116
