n_estimators,mean_cv_f1_macro,std_cv_f1_macro,rank,mean_train_f1_macro
100,0.5390995348397631,0.04401956623193264,4,1.0
200,0.5444481916178927,0.039499506972165886,3,1.0
300,0.546518975149023,0.041003048152241636,2,1.0
500,0.5466529118056106,0.039512849422549116,1,1.0
