{
  "presence_count": 0.07901012787704803,
  "species_richness": 0.06668725184200472,
  "frac_built": 0.06577606905936406,
  "frac_grass": 0.03919823852075619,
  "era5_dewpoint_c": 0.038107296367353535,
  "modis_lst_day_c": 0.033148642696801706,
  "frac_wetland": 0.026677794777031732,
  "era5_temp_c": 0.020154394324399458,
  "era5_precip_mm": 0.019783195141222586,
  "frac_tree": 0.019064922383297503,
  "frac_water": 0.018766669487976645,
  "frac_shrub": 0.016145366904956417,
  "frac_cropland": 0.01594652034765581,
  "frac_bare": 0.012076490218513883,
  "srtm_slope_deg": 0.01147976877087884,
  "era5_humidity": 0.01128190038694422,
  "chirps_precip_mm": 0.011181229036176245,
  "modis_lst_night_c": 0.009634471295271911,
  "srtm_elevation_m": 0.00920203697029259
}